;;;;;;;;;;;;;;;;;;;;;;;;;;;;;;
;;;;;;;;;;;;;;;;;;;;;;;;;;;;;;
NAME;MODULNR;OBJKL;GATYP;GASYSNR;BEFORM;HLUFIX;PUFFIX;FUNFIX;POSFIX;GLEINF;BESMNOR;BESMFEU;BESMNAS;GKMINZT;GKPARAM;UESLAMP;UESLAZT;UESLEZT;UESLEAZ;UESSAMP;UESSAZT;UESSEZT;UESSEAZ;KUSAMP;KUSEZT;ANSPRMX9;APUGA;APUGAV;APUGK1;APUGK2
;;;;;;;;;;;;;;;;;;;;;;;;;;;;;;
01 FERTIG 00;;GATYP;GA-FE-NNK;0;3;0;0;0;0;0;2 mA;5 mA;10 mA;50 ms;0;1500 mA;3000 ms;2000 ms;10;2500 mA;1000 ms;2000 ms;12;3000 mA;500 ms;0;0;0;0;0
01 FERTIG 00;;GA;GA-FE-NNK;M-1;"""";"""";"""";"""";"""";"""";"""";"""";"""";"""";"""";"""";"""";"""";"""";"""";"""";"""";"""";"""";"""";"""";M.1;"""";M.1;M.9
01 FERTIG 00;;GA;GA-FE-NNK;M-2;"""";"""";"""";"""";"""";"""";"""";"""";"""";"""";"""";"""";"""";"""";"""";"""";"""";"""";"""";"""";"""";"""";M.2;"""";M.2;M.10
01 FERTIG 00;;GA;GA-FE-NNK;M-3;"""";"""";"""";"""";"""";"""";"""";"""";"""";"""";"""";"""";"""";"""";"""";"""";"""";"""";"""";"""";"""";"""";M.3;"""";M.3;M.11
01 FERTIG 00;;GA;GA-FE-NNK;M-4;"""";"""";"""";"""";"""";"""";"""";"""";"""";"""";"""";"""";"""";"""";"""";"""";"""";"""";"""";"""";"""";"""";M.4;"""";M.4;M.12
01 FERTIG 00;;GA;GA-FE-NNK;M-5;"""";"""";"""";"""";"""";"""";"""";"""";"""";"""";"""";"""";"""";"""";"""";"""";"""";"""";"""";"""";"""";"""";M.5;"""";M.5;M.13
01 FERTIG 00;;GA;GA-FE-NNK;M-6;"""";"""";"""";"""";"""";"""";"""";"""";"""";"""";"""";"""";"""";"""";"""";"""";"""";"""";"""";"""";"""";"""";M.6;"""";M.6;M.14
01 FERTIG 00;;GA;GA-FE-NNK;M-7;"""";"""";"""";"""";"""";"""";"""";"""";"""";"""";"""";"""";"""";"""";"""";"""";"""";"""";"""";"""";"""";"""";M.7;"""";M.7;M.15
01 FERTIG 00;;GA;GA-FE-NNK;M-8;"""";"""";"""";"""";"""";"""";"""";"""";"""";"""";"""";"""";"""";"""";"""";"""";"""";"""";"""";"""";"""";"""";M.8;"""";M.8;M.16
;;;;;;;;;;;;;;;;;;;;;;;;;;;;;;
02 FERTIG 00;;GATYP;GA-FE-LLK;0;3;0;0;0;0;0;1 mA;2 mA;5 mA;50 ms;0;500 mA;3000 ms;2000 ms;10;1000 mA;1000 ms;2000 ms;12;2000 mA;500 ms;0;0;0;0;0
02 FERTIG 00;;GA;GA-FE-LLK;M-1;"""";"""";"""";"""";"""";"""";"""";"""";"""";"""";"""";"""";"""";"""";"""";"""";"""";"""";"""";"""";"""";"""";M.1;"""";M.1;M.9
02 FERTIG 00;;GA;GA-FE-LLK;M-2;"""";"""";"""";"""";"""";"""";"""";"""";"""";"""";"""";"""";"""";"""";"""";"""";"""";"""";"""";"""";"""";"""";M.2;"""";M.2;M.10
02 FERTIG 00;;GA;GA-FE-LLK;M-3;"""";"""";"""";"""";"""";"""";"""";"""";"""";"""";"""";"""";"""";"""";"""";"""";"""";"""";"""";"""";"""";"""";M.3;"""";M.3;M.11
02 FERTIG 00;;GA;GA-FE-LLK;M-4;"""";"""";"""";"""";"""";"""";"""";"""";"""";"""";"""";"""";"""";"""";"""";"""";"""";"""";"""";"""";"""";"""";M.4;"""";M.4;M.12
02 FERTIG 00;;GA;GA-FE-LLK;M-5;"""";"""";"""";"""";"""";"""";"""";"""";"""";"""";"""";"""";"""";"""";"""";"""";"""";"""";"""";"""";"""";"""";M.5;"""";M.5;M.13
02 FERTIG 00;;GA;GA-FE-LLK;M-6;"""";"""";"""";"""";"""";"""";"""";"""";"""";"""";"""";"""";"""";"""";"""";"""";"""";"""";"""";"""";"""";"""";M.6;"""";M.6;M.14
02 FERTIG 00;;GA;GA-FE-LLK;M-7;"""";"""";"""";"""";"""";"""";"""";"""";"""";"""";"""";"""";"""";"""";"""";"""";"""";"""";"""";"""";"""";"""";M.7;"""";M.7;M.15
02 FERTIG 00;;GA;GA-FE-LLK;M-8;"""";"""";"""";"""";"""";"""";"""";"""";"""";"""";"""";"""";"""";"""";"""";"""";"""";"""";"""";"""";"""";"""";M.8;"""";M.8;M.16
;;;;;;;;;;;;;;;;;;;;;;;;;;;;;;
03 FERTIG 00;;GATYP;GA-FE-HHK;0;3;0;0;0;0;0;5 mA;10 mA;20 mA;50 ms;0;2000 mA;3000 ms;2000 ms;10;3000 mA;1000 ms;2000 ms;12;4000 mA;500 ms;0;0;0;0;0
03 FERTIG 00;;GA;GA-FE-HHK;M-1;"""";"""";"""";"""";"""";"""";"""";"""";"""";"""";"""";"""";"""";"""";"""";"""";"""";"""";"""";"""";"""";"""";M.1;"""";M.1;M.9
03 FERTIG 00;;GA;GA-FE-HHK;M-2;"""";"""";"""";"""";"""";"""";"""";"""";"""";"""";"""";"""";"""";"""";"""";"""";"""";"""";"""";"""";"""";"""";M.2;"""";M.2;M.10
03 FERTIG 00;;GA;GA-FE-HHK;M-3;"""";"""";"""";"""";"""";"""";"""";"""";"""";"""";"""";"""";"""";"""";"""";"""";"""";"""";"""";"""";"""";"""";M.3;"""";M.3;M.11
03 FERTIG 00;;GA;GA-FE-HHK;M-4;"""";"""";"""";"""";"""";"""";"""";"""";"""";"""";"""";"""";"""";"""";"""";"""";"""";"""";"""";"""";"""";"""";M.4;"""";M.4;M.12
03 FERTIG 00;;GA;GA-FE-HHK;M-5;"""";"""";"""";"""";"""";"""";"""";"""";"""";"""";"""";"""";"""";"""";"""";"""";"""";"""";"""";"""";"""";"""";M.5;"""";M.5;M.13
03 FERTIG 00;;GA;GA-FE-HHK;M-6;"""";"""";"""";"""";"""";"""";"""";"""";"""";"""";"""";"""";"""";"""";"""";"""";"""";"""";"""";"""";"""";"""";M.6;"""";M.6;M.14
03 FERTIG 00;;GA;GA-FE-HHK;M-7;"""";"""";"""";"""";"""";"""";"""";"""";"""";"""";"""";"""";"""";"""";"""";"""";"""";"""";"""";"""";"""";"""";M.7;"""";M.7;M.15
03 FERTIG 00;;GA;GA-FE-HHK;M-8;"""";"""";"""";"""";"""";"""";"""";"""";"""";"""";"""";"""";"""";"""";"""";"""";"""";"""";"""";"""";"""";"""";M.8;"""";M.8;M.16
;;;;;;;;;;;;;;;;;;;;;;;;;;;;;;
04 FERTIG 00;;GATYP;GA-FE-LNK;0;3;0;0;0;0;0;1 mA;2 mA;5 mA;50 ms;0;1500 mA;3000 ms;2000 ms;10;2500 mA;1000 ms;2000 ms;12;3000 mA;500 ms;0;0;0;0;0
04 FERTIG 00;;GA;GA-FE-LNK;M-1;"""";"""";"""";"""";"""";"""";"""";"""";"""";"""";"""";"""";"""";"""";"""";"""";"""";"""";"""";"""";"""";"""";M.1;"""";M.1;M.9
04 FERTIG 00;;GA;GA-FE-LNK;M-2;"""";"""";"""";"""";"""";"""";"""";"""";"""";"""";"""";"""";"""";"""";"""";"""";"""";"""";"""";"""";"""";"""";M.2;"""";M.2;M.10
04 FERTIG 00;;GA;GA-FE-LNK;M-3;"""";"""";"""";"""";"""";"""";"""";"""";"""";"""";"""";"""";"""";"""";"""";"""";"""";"""";"""";"""";"""";"""";M.3;"""";M.3;M.11
04 FERTIG 00;;GA;GA-FE-LNK;M-4;"""";"""";"""";"""";"""";"""";"""";"""";"""";"""";"""";"""";"""";"""";"""";"""";"""";"""";"""";"""";"""";"""";M.4;"""";M.4;M.12
04 FERTIG 00;;GA;GA-FE-LNK;M-5;"""";"""";"""";"""";"""";"""";"""";"""";"""";"""";"""";"""";"""";"""";"""";"""";"""";"""";"""";"""";"""";"""";M.5;"""";M.5;M.13
04 FERTIG 00;;GA;GA-FE-LNK;M-6;"""";"""";"""";"""";"""";"""";"""";"""";"""";"""";"""";"""";"""";"""";"""";"""";"""";"""";"""";"""";"""";"""";M.6;"""";M.6;M.14
04 FERTIG 00;;GA;GA-FE-LNK;M-7;"""";"""";"""";"""";"""";"""";"""";"""";"""";"""";"""";"""";"""";"""";"""";"""";"""";"""";"""";"""";"""";"""";M.7;"""";M.7;M.15
04 FERTIG 00;;GA;GA-FE-LNK;M-8;"""";"""";"""";"""";"""";"""";"""";"""";"""";"""";"""";"""";"""";"""";"""";"""";"""";"""";"""";"""";"""";"""";M.8;"""";M.8;M.16
;;;;;;;;;;;;;;;;;;;;;;;;;;;;;;
05 FERTIG 00;;GATYP;GA-FE-NHK;0;3;0;0;0;0;0;2 mA;5 mA;10 mA;50 ms;0;2000 mA;3000 ms;2000 ms;10;3000 mA;1000 ms;2000 ms;12;4000 mA;500 ms;0;0;0;0;0
05 FERTIG 00;;GA;GA-FE-NHK;M-1;"""";"""";"""";"""";"""";"""";"""";"""";"""";"""";"""";"""";"""";"""";"""";"""";"""";"""";"""";"""";"""";"""";M.1;"""";M.1;M,9
05 FERTIG 00;;GA;GA-FE-NHK;M-2;"""";"""";"""";"""";"""";"""";"""";"""";"""";"""";"""";"""";"""";"""";"""";"""";"""";"""";"""";"""";"""";"""";M.2;"""";M.2;M,10
05 FERTIG 00;;GA;GA-FE-NHK;M-3;"""";"""";"""";"""";"""";"""";"""";"""";"""";"""";"""";"""";"""";"""";"""";"""";"""";"""";"""";"""";"""";"""";M.3;"""";M.3;M,11
05 FERTIG 00;;GA;GA-FE-NHK;M-4;"""";"""";"""";"""";"""";"""";"""";"""";"""";"""";"""";"""";"""";"""";"""";"""";"""";"""";"""";"""";"""";"""";M.4;"""";M.4;M,12
05 FERTIG 00;;GA;GA-FE-NHK;M-5;"""";"""";"""";"""";"""";"""";"""";"""";"""";"""";"""";"""";"""";"""";"""";"""";"""";"""";"""";"""";"""";"""";M.5;"""";M.5;M,13
05 FERTIG 00;;GA;GA-FE-NHK;M-6;"""";"""";"""";"""";"""";"""";"""";"""";"""";"""";"""";"""";"""";"""";"""";"""";"""";"""";"""";"""";"""";"""";M.6;"""";M.6;M,14
05 FERTIG 00;;GA;GA-FE-NHK;M-7;"""";"""";"""";"""";"""";"""";"""";"""";"""";"""";"""";"""";"""";"""";"""";"""";"""";"""";"""";"""";"""";"""";M.7;"""";M.7;M,15
05 FERTIG 00;;GA;GA-FE-NHK;M-8;"""";"""";"""";"""";"""";"""";"""";"""";"""";"""";"""";"""";"""";"""";"""";"""";"""";"""";"""";"""";"""";"""";M.8;"""";M.8;M,16
;;;;;;;;;;;;;;;;;;;;;;;;;;;;;;
06 FERTIG 00;;GATYP;GA-FE-NNG;0;3;0;0;0;0;0;5 mA;20 mA;50 mA;100 ms;0;3000 mA;3000 ms;2000 ms;10;4000 mA;1000 ms;2000 ms;12;5000 mA;500 ms;0;0;0;0;0
06 FERTIG 00;;GA;GA-FE-NNG;M-1;"""";"""";"""";"""";"""";"""";"""";"""";"""";"""";"""";"""";"""";"""";"""";"""";"""";"""";"""";"""";"""";"""";M.1;"""";M.1;M.9
06 FERTIG 00;;GA;GA-FE-NNG;M-2;"""";"""";"""";"""";"""";"""";"""";"""";"""";"""";"""";"""";"""";"""";"""";"""";"""";"""";"""";"""";"""";"""";M.2;"""";M.2;M.10
06 FERTIG 00;;GA;GA-FE-NNG;M-3;"""";"""";"""";"""";"""";"""";"""";"""";"""";"""";"""";"""";"""";"""";"""";"""";"""";"""";"""";"""";"""";"""";M.3;"""";M.3;M.11
06 FERTIG 00;;GA;GA-FE-NNG;M-4;"""";"""";"""";"""";"""";"""";"""";"""";"""";"""";"""";"""";"""";"""";"""";"""";"""";"""";"""";"""";"""";"""";M.4;"""";M.4;M.12
06 FERTIG 00;;GA;GA-FE-NNG;M-5;"""";"""";"""";"""";"""";"""";"""";"""";"""";"""";"""";"""";"""";"""";"""";"""";"""";"""";"""";"""";"""";"""";M.5;"""";M.5;M.13
06 FERTIG 00;;GA;GA-FE-NNG;M-6;"""";"""";"""";"""";"""";"""";"""";"""";"""";"""";"""";"""";"""";"""";"""";"""";"""";"""";"""";"""";"""";"""";M.6;"""";M.6;M.14
06 FERTIG 00;;GA;GA-FE-NNG;M-7;"""";"""";"""";"""";"""";"""";"""";"""";"""";"""";"""";"""";"""";"""";"""";"""";"""";"""";"""";"""";"""";"""";M.7;"""";M.7;M.15
06 FERTIG 00;;GA;GA-FE-NNG;M-8;"""";"""";"""";"""";"""";"""";"""";"""";"""";"""";"""";"""";"""";"""";"""";"""";"""";"""";"""";"""";"""";"""";M.8;"""";M.8;M.16
;;;;;;;;;;;;;;;;;;;;;;;;;;;;;;
07 FERTIG 00;;GATYP;GA-FE-LLG;0;3;0;0;0;0;0;2 mA;10 mA;30 mA;100 ms;0;2000 mA;3000 ms;2000 ms;10;3000 mA;1000 ms;2000 ms;12;4000 mA;800 ms;0;0;0;0;0
07 FERTIG 00;;GA;GA-FE-LLG;M-1;"""";"""";"""";"""";"""";"""";"""";"""";"""";"""";"""";"""";"""";"""";"""";"""";"""";"""";"""";"""";"""";"""";M.1;"""";M.1;M.9
07 FERTIG 00;;GA;GA-FE-LLG;M-2;"""";"""";"""";"""";"""";"""";"""";"""";"""";"""";"""";"""";"""";"""";"""";"""";"""";"""";"""";"""";"""";"""";M.2;"""";M.2;M.10
07 FERTIG 00;;GA;GA-FE-LLG;M-3;"""";"""";"""";"""";"""";"""";"""";"""";"""";"""";"""";"""";"""";"""";"""";"""";"""";"""";"""";"""";"""";"""";M.3;"""";M.3;M.11
07 FERTIG 00;;GA;GA-FE-LLG;M-4;"""";"""";"""";"""";"""";"""";"""";"""";"""";"""";"""";"""";"""";"""";"""";"""";"""";"""";"""";"""";"""";"""";M.4;"""";M.4;M.12
07 FERTIG 00;;GA;GA-FE-LLG;M-5;"""";"""";"""";"""";"""";"""";"""";"""";"""";"""";"""";"""";"""";"""";"""";"""";"""";"""";"""";"""";"""";"""";M.5;"""";M.5;M.13
07 FERTIG 00;;GA;GA-FE-LLG;M-6;"""";"""";"""";"""";"""";"""";"""";"""";"""";"""";"""";"""";"""";"""";"""";"""";"""";"""";"""";"""";"""";"""";M.6;"""";M.6;M.14
07 FERTIG 00;;GA;GA-FE-LLG;M-7;"""";"""";"""";"""";"""";"""";"""";"""";"""";"""";"""";"""";"""";"""";"""";"""";"""";"""";"""";"""";"""";"""";M.7;"""";M.7;M.15
07 FERTIG 00;;GA;GA-FE-LLG;M-8;"""";"""";"""";"""";"""";"""";"""";"""";"""";"""";"""";"""";"""";"""";"""";"""";"""";"""";"""";"""";"""";"""";M.8;"""";M.8;M.16
;;;;;;;;;;;;;;;;;;;;;;;;;;;;;;
08 FERTIG 00;;GATYP;GA-FE-HHG;0;3;0;0;0;0;0;5 mA;20 mA;50 mA;100 ms;0;3000 mA;200 ms;2000 ms;10;4000 mA;1000 ms;2000 ms;12;8000 mA;800 ms;0;0;0;0;0
08 FERTIG 00;;GA;GA-FE-HHG;M-1;"""";"""";"""";"""";"""";"""";"""";"""";"""";"""";"""";"""";"""";"""";"""";"""";"""";"""";"""";"""";"""";"""";M.1;"""";M.1;M.9
08 FERTIG 00;;GA;GA-FE-HHG;M-2;"""";"""";"""";"""";"""";"""";"""";"""";"""";"""";"""";"""";"""";"""";"""";"""";"""";"""";"""";"""";"""";"""";M.2;"""";M.2;M.10
08 FERTIG 00;;GA;GA-FE-HHG;M-3;"""";"""";"""";"""";"""";"""";"""";"""";"""";"""";"""";"""";"""";"""";"""";"""";"""";"""";"""";"""";"""";"""";M.3;"""";M.3;M.11
08 FERTIG 00;;GA;GA-FE-HHG;M-4;"""";"""";"""";"""";"""";"""";"""";"""";"""";"""";"""";"""";"""";"""";"""";"""";"""";"""";"""";"""";"""";"""";M.4;"""";M.4;M.12
08 FERTIG 00;;GA;GA-FE-HHG;M-5;"""";"""";"""";"""";"""";"""";"""";"""";"""";"""";"""";"""";"""";"""";"""";"""";"""";"""";"""";"""";"""";"""";M.5;"""";M.5;M.13
08 FERTIG 00;;GA;GA-FE-HHG;M-6;"""";"""";"""";"""";"""";"""";"""";"""";"""";"""";"""";"""";"""";"""";"""";"""";"""";"""";"""";"""";"""";"""";M.6;"""";M.6;M.14
08 FERTIG 00;;GA;GA-FE-HHG;M-7;"""";"""";"""";"""";"""";"""";"""";"""";"""";"""";"""";"""";"""";"""";"""";"""";"""";"""";"""";"""";"""";"""";M.7;"""";M.7;M.15
08 FERTIG 00;;GA;GA-FE-HHG;M-8;"""";"""";"""";"""";"""";"""";"""";"""";"""";"""";"""";"""";"""";"""";"""";"""";"""";"""";"""";"""";"""";"""";M.8;"""";M.8;M.16
;;;;;;;;;;;;;;;;;;;;;;;;;;;;;;
29 FERTIG 00;;KSA;0;0;3;0;0;0;0;0;2 mA;5 mA;10 mA;50 ms;0;3000 mA;200 ms;2000 ms;10;2500 mA;1000 ms;2000 ms;12;3000 mA;200 ms;0;M. 7;0;M.7;M.8
;;;;;;;;;;;;;;;;;;;;;;;;;;;;;;
;;OBJKL;GATYP;GASYSNR;BEFORM;HLUFIX;PUFFIX;FUNFIX;POSFIX;GLEINF;BESMNOR;BESMFEU;BESMNAS;GKMINZT;GKPARAM;UESLAMP;UESLAZT;UESLEZT;UESLEAZ;UESSAMP;UESSAZT;UESSEZT;UESSEAZ;KUSAMP;KUSEZT;ANSPRMX9;APUGA;APUGAV;APUGK1;APUGK2
;;;;;;;;;;;;;;;;;;;;;;;;;;;;;;
;;;;;;;;;;;;;;;;;;;;;;;;;;;;;;
NAME;MODULNR;OBJKL;WEITYP;WEISYSNR;ANTRART;POSILOG;SCHIMPZT;SCHIMPPWM;REDAUPWM;SERVPOS1;SERVPOS2;SERVUMLAU;STELLERK;TSTIMPLNG;TSTIMPINV;TSTIMPSPA;ZWAKOREF;HERZPOLPWM;UMLAMINAMP;UMLAMAXAMP;UMLAMINZT;UMLAMAXZT;APUANTR;APUSTEKO;APUZWAKO;APUHERZPOL;;;;
;;;;;;;;;;;;;;;;;;;;;;;;;;;;;;
41 FERTIG 00;;WEITYP;WEI-FE-DSA;0;DOSPU;1;100 ms;100 %;0;0;0;0;1;1000 µs;1000 ms;0;0;0 %;0;0;0;0;0;0;0;0;;;;
41 FERTIG 00;;WEI;WEI-FE-DSA;M-1;"""";"""";"""";"""";"""";"""";"""";"""";"""";"""";"""";"""";"""";"""";"""";"""";"""";"""";M.1;"""";"""";"""";;;;
41 FERTIG 00;;WEI;WEI-FE-DSA;M-2;"""";"""";"""";"""";"""";"""";"""";"""";"""";"""";"""";"""";"""";"""";"""";"""";"""";"""";M.2;"""";"""";"""";;;;
41 FERTIG 00;;WEI;WEI-FE-DSA;M-3;"""";"""";"""";"""";"""";"""";"""";"""";"""";"""";"""";"""";"""";"""";"""";"""";"""";"""";M.3;"""";"""";"""";;;;
41 FERTIG 00;;WEI;WEI-FE-DSA;M-4;"""";"""";"""";"""";"""";"""";"""";"""";"""";"""";"""";"""";"""";"""";"""";"""";"""";"""";M.4;"""";"""";"""";;;;
41 FERTIG 00;;WEI;WEI-FE-DSA;M-5;"""";"""";"""";"""";"""";"""";"""";"""";"""";"""";"""";"""";"""";"""";"""";"""";"""";"""";M.5;"""";"""";"""";;;;
41 FERTIG 00;;WEI;WEI-FE-DSA;M-6;"""";"""";"""";"""";"""";"""";"""";"""";"""";"""";"""";"""";"""";"""";"""";"""";"""";"""";M.6;"""";"""";"""";;;;
41 FERTIG 00;;WEI;WEI-FE-DSA;M-7;"""";"""";"""";"""";"""";"""";"""";"""";"""";"""";"""";"""";"""";"""";"""";"""";"""";"""";M.7;"""";"""";"""";;;;
41 FERTIG 00;;WEI;WEI-FE-DSA;M-8;"""";"""";"""";"""";"""";"""";"""";"""";"""";"""";"""";"""";"""";"""";"""";"""";"""";"""";M.8;"""";"""";"""";;;;
;;;;;;;;;;;;;;;;;;;;;;;;;;;;;;
42 FERTIG 00;;WEITYP;WEI-FE-DSN;0;DOSPU;1;200 ms;100 %;0;0;0;0;0;0;0;0;0;0 %;0;0;0;0;0;0;0;0;;;;
42 FERTIG 00;;WEI;WEI-FE-DSN;M-1;"""";"""";"""";"""";"""";"""";"""";"""";"""";"""";"""";"""";"""";"""";"""";"""";"""";"""";M.1;"""";"""";"""";;;;
42 FERTIG 00;;WEI;WEI-FE-DSN;M-2;"""";"""";"""";"""";"""";"""";"""";"""";"""";"""";"""";"""";"""";"""";"""";"""";"""";"""";M.2;"""";"""";"""";;;;
42 FERTIG 00;;WEI;WEI-FE-DSN;M-3;"""";"""";"""";"""";"""";"""";"""";"""";"""";"""";"""";"""";"""";"""";"""";"""";"""";"""";M.3;"""";"""";"""";;;;
42 FERTIG 00;;WEI;WEI-FE-DSN;M-4;"""";"""";"""";"""";"""";"""";"""";"""";"""";"""";"""";"""";"""";"""";"""";"""";"""";"""";M.4;"""";"""";"""";;;;
42 FERTIG 00;;WEI;WEI-FE-DSN;M-5;"""";"""";"""";"""";"""";"""";"""";"""";"""";"""";"""";"""";"""";"""";"""";"""";"""";"""";M.5;"""";"""";"""";;;;
42 FERTIG 00;;WEI;WEI-FE-DSN;M-6;"""";"""";"""";"""";"""";"""";"""";"""";"""";"""";"""";"""";"""";"""";"""";"""";"""";"""";M.6;"""";"""";"""";;;;
42 FERTIG 00;;WEI;WEI-FE-DSN;M-7;"""";"""";"""";"""";"""";"""";"""";"""";"""";"""";"""";"""";"""";"""";"""";"""";"""";"""";M.7;"""";"""";"""";;;;
42 FERTIG 00;;WEI;WEI-FE-DSN;M-8;"""";"""";"""";"""";"""";"""";"""";"""";"""";"""";"""";"""";"""";"""";"""";"""";"""";"""";M.8;"""";"""";"""";;;;
;;;;;;;;;;;;;;;;;;;;;;;;;;;;;;
43 FERTIG 00;;WEITYP;WEI-FE-MWA;0;MOT;1;3000 ms;100 %;0;0;0;0;1;1000 µs;1000 ms;0;0;0 %;0;0;0;0;0;0;0;0;;;;
43 FERTIG 00;;WEI;WEI-FE-MWA;M-1;"""";"""";"""";"""";"""";"""";"""";"""";"""";"""";"""";"""";"""";"""";"""";"""";"""";"""";M.1;"""";"""";"""";;;;
43 FERTIG 00;;WEI;WEI-FE-MWA;M-2;"""";"""";"""";"""";"""";"""";"""";"""";"""";"""";"""";"""";"""";"""";"""";"""";"""";"""";M.2;"""";"""";"""";;;;
43 FERTIG 00;;WEI;WEI-FE-MWA;M-3;"""";"""";"""";"""";"""";"""";"""";"""";"""";"""";"""";"""";"""";"""";"""";"""";"""";"""";M.3;"""";"""";"""";;;;
43 FERTIG 00;;WEI;WEI-FE-MWA;M-4;"""";"""";"""";"""";"""";"""";"""";"""";"""";"""";"""";"""";"""";"""";"""";"""";"""";"""";M.4;"""";"""";"""";;;;
43 FERTIG 00;;WEI;WEI-FE-MWA;M-5;"""";"""";"""";"""";"""";"""";"""";"""";"""";"""";"""";"""";"""";"""";"""";"""";"""";"""";M.5;"""";"""";"""";;;;
43 FERTIG 00;;WEI;WEI-FE-MWA;M-6;"""";"""";"""";"""";"""";"""";"""";"""";"""";"""";"""";"""";"""";"""";"""";"""";"""";"""";M.6;"""";"""";"""";;;;
43 FERTIG 00;;WEI;WEI-FE-MWA;M-7;"""";"""";"""";"""";"""";"""";"""";"""";"""";"""";"""";"""";"""";"""";"""";"""";"""";"""";M.7;"""";"""";"""";;;;
43 FERTIG 00;;WEI;WEI-FE-MWA;M-8;"""";"""";"""";"""";"""";"""";"""";"""";"""";"""";"""";"""";"""";"""";"""";"""";"""";"""";M.8;"""";"""";"""";;;;
;;;;;;;;;;;;;;;;;;;;;;;;;;;;;;
44 FERTIG 00;;WEITYP;WEI-FE-MWN;0;MOT;1;5000 ms;100 %;0;0;0;0;1;1000 µs;1000 ms;0;0;0 %;0;0;0;0;0;0;0;0;;;;
44 FERTIG 00;;WEI;WEI-FE-MWN;M-1;"""";"""";"""";"""";"""";"""";"""";"""";"""";"""";"""";"""";"""";"""";"""";"""";"""";"""";M.1;"""";"""";"""";;;;
44 FERTIG 00;;WEI;WEI-FE-MWN;M-2;"""";"""";"""";"""";"""";"""";"""";"""";"""";"""";"""";"""";"""";"""";"""";"""";"""";"""";M.2;"""";"""";"""";;;;
44 FERTIG 00;;WEI;WEI-FE-MWN;M-3;"""";"""";"""";"""";"""";"""";"""";"""";"""";"""";"""";"""";"""";"""";"""";"""";"""";"""";M.3;"""";"""";"""";;;;
44 FERTIG 00;;WEI;WEI-FE-MWN;M-4;"""";"""";"""";"""";"""";"""";"""";"""";"""";"""";"""";"""";"""";"""";"""";"""";"""";"""";M.4;"""";"""";"""";;;;
44 FERTIG 00;;WEI;WEI-FE-MWN;M-5;"""";"""";"""";"""";"""";"""";"""";"""";"""";"""";"""";"""";"""";"""";"""";"""";"""";"""";M.5;"""";"""";"""";;;;
44 FERTIG 00;;WEI;WEI-FE-MWN;M-6;"""";"""";"""";"""";"""";"""";"""";"""";"""";"""";"""";"""";"""";"""";"""";"""";"""";"""";M.6;"""";"""";"""";;;;
44 FERTIG 00;;WEI;WEI-FE-MWN;M-7;"""";"""";"""";"""";"""";"""";"""";"""";"""";"""";"""";"""";"""";"""";"""";"""";"""";"""";M.7;"""";"""";"""";;;;
44 FERTIG 00;;WEI;WEI-FE-MWN;M-8;"""";"""";"""";"""";"""";"""";"""";"""";"""";"""";"""";"""";"""";"""";"""";"""";"""";"""";M.8;"""";"""";"""";;;;
;;;;;;;;;;;;;;;;;;;;;;;;;;;;;;
45 FERTIG 00;;WEITYP;WEI-FE-MWD;0;MOT;1;0 ms;100 %;0;0;0;0;0;0;0;0;0;0 %;0;0;0;0;0;0;0;0;;;;
45 FERTIG 00;;WEI;WEI-FE-MWD;M-1;"""";"""";"""";"""";"""";"""";"""";"""";"""";"""";"""";"""";"""";"""";"""";"""";"""";"""";M.1;"""";"""";"""";;;;
45 FERTIG 00;;WEI;WEI-FE-MWD;M-2;"""";"""";"""";"""";"""";"""";"""";"""";"""";"""";"""";"""";"""";"""";"""";"""";"""";"""";M.2;"""";"""";"""";;;;
45 FERTIG 00;;WEI;WEI-FE-MWD;M-3;"""";"""";"""";"""";"""";"""";"""";"""";"""";"""";"""";"""";"""";"""";"""";"""";"""";"""";M.3;"""";"""";"""";;;;
45 FERTIG 00;;WEI;WEI-FE-MWD;M-4;"""";"""";"""";"""";"""";"""";"""";"""";"""";"""";"""";"""";"""";"""";"""";"""";"""";"""";M.4;"""";"""";"""";;;;
45 FERTIG 00;;WEI;WEI-FE-MWD;M-5;"""";"""";"""";"""";"""";"""";"""";"""";"""";"""";"""";"""";"""";"""";"""";"""";"""";"""";M.5;"""";"""";"""";;;;
45 FERTIG 00;;WEI;WEI-FE-MWD;M-6;"""";"""";"""";"""";"""";"""";"""";"""";"""";"""";"""";"""";"""";"""";"""";"""";"""";"""";M.6;"""";"""";"""";;;;
45 FERTIG 00;;WEI;WEI-FE-MWD;M-7;"""";"""";"""";"""";"""";"""";"""";"""";"""";"""";"""";"""";"""";"""";"""";"""";"""";"""";M.7;"""";"""";"""";;;;
45 FERTIG 00;;WEI;WEI-FE-MWD;M-8;"""";"""";"""";"""";"""";"""";"""";"""";"""";"""";"""";"""";"""";"""";"""";"""";"""";"""";M.8;"""";"""";"""";;;;
;;;;;;;;;;;;;;;;;;;;;;;;;;;;;;
46 FERTIG 00;;WEITYP;WEI-FE-EPN;0;EPL;1;200 ms;100 %;0;0;0;0;0;0;0;0;0;0 %;0;0;0;0;0;0;0;0;;;;
46 FERTIG 00;;WEI;WEI-FE-EPN;M-1;"""";"""";"""";"""";"""";"""";"""";"""";"""";"""";"""";"""";"""";"""";"""";"""";"""";"""";M.1;"""";"""";"""";;;;
46 FERTIG 00;;WEI;WEI-FE-EPN;M-2;"""";"""";"""";"""";"""";"""";"""";"""";"""";"""";"""";"""";"""";"""";"""";"""";"""";"""";M.2;"""";"""";"""";;;;
46 FERTIG 00;;WEI;WEI-FE-EPN;M-3;"""";"""";"""";"""";"""";"""";"""";"""";"""";"""";"""";"""";"""";"""";"""";"""";"""";"""";M.3;"""";"""";"""";;;;
46 FERTIG 00;;WEI;WEI-FE-EPN;M-4;"""";"""";"""";"""";"""";"""";"""";"""";"""";"""";"""";"""";"""";"""";"""";"""";"""";"""";M.4;"""";"""";"""";;;;
46 FERTIG 00;;WEI;WEI-FE-EPN;M-5;"""";"""";"""";"""";"""";"""";"""";"""";"""";"""";"""";"""";"""";"""";"""";"""";"""";"""";M.5;"""";"""";"""";;;;
46 FERTIG 00;;WEI;WEI-FE-EPN;M-6;"""";"""";"""";"""";"""";"""";"""";"""";"""";"""";"""";"""";"""";"""";"""";"""";"""";"""";M.6;"""";"""";"""";;;;
46 FERTIG 00;;WEI;WEI-FE-EPN;M-7;"""";"""";"""";"""";"""";"""";"""";"""";"""";"""";"""";"""";"""";"""";"""";"""";"""";"""";M.7;"""";"""";"""";;;;
46 FERTIG 00;;WEI;WEI-FE-EPN;M-8;"""";"""";"""";"""";"""";"""";"""";"""";"""";"""";"""";"""";"""";"""";"""";"""";"""";"""";M.8;"""";"""";"""";;;;
;;;;;;;;;;;;;;;;;;;;;;;;;;;;;;
;;OBJKL;WEITYP;WEISYSNR;ANTRART;POSILOG;SCHIMPZT;SCHIMPPWM;REDAUPWM;SERVPOS1;SERVPOS2;SERVUMLAU;STELLERK;TSTIMPLNG;TSTIMPINV;TSTIMPSPA;ZWAKOREF;HERZPOLPWM;UMLAMINAMP;UMLAMAXAMP;UMLAMINZT;UMLAMAXZT;APUANTR;APUSTEKO;APUZWAKO;APUHERZPOL;;;;
;;;;;;;;;;;;;;;;;;;;;;;;;;;;;;
;;;;;;;;;;;;;;;;;;;;;;;;;;;;;;
NAME;MODULNR;OBJKL;SIGTYP;SIGTYPSYNU;ANZLAMP;SIGART;AUFGLIZT;AUFGLIVERZ;ABGLIZT;SIGHELLTAG;SIGHELLNAC;ANZBILD;SIGBILD-1;SIGBILD-2;SIGBILD-3;SIGBILD-4;SIGBILD-5;SIGBILD-6;SIGBILD-7;SIGBILD-8;SIGBILD-9;SIGBILD-10;;;;;;;;
;;;;;;;;;;;;;;;;;;;;;;;;;;;;;;
SIGTYPFERT;0;SIGTYP;DEHV69BL;0;2;0;800 ms;200 ms;800 ms;100 %;40 %;2;Hp0;Hp1;;;;;;;;;;;;;;;;
SIGTYPFERT;0;SIGTYP;DEHV69HS;0;3;0;800 ms;200 ms;800 ms;100 %;40 %;3;Hp0;Hp1;Hp2;;;;;;;;;;;;;;;
SIGTYPFERT;0;SIGTYP;DEHV69HSE;0;4;0;800 ms;200 ms;800 ms;100 %;40 %;4;Hp0;Hp1;Hp2;ErsR;;;;;;;;;;;;;;
SIGTYPFERT;0;SIGTYP;DEHV69HSK;0;5;0;800 ms;200 ms;800 ms;100 %;40 %;6;Hp0;Hp1;Hp2;ErsR;HpKe;HpZs;;;;;;;;;;;;
SIGTYPFERT;0;SIGTYP;DEHV69HSP;0;5;0;800 ms;200 ms;800 ms;100 %;40 %;4;Hp00;Hp1;Hp2;Sh1;;;;;;;;;;;;;;
SIGTYPFERT;0;SIGTYP;DEHV69HSPE;0;6;0;800 ms;200 ms;800 ms;100 %;40 %;5;Hp00;Hp1;Hp2;Sh1;ErsR00;;;;;;;;;;;;;
SIGTYPFERT;0;SIGTYP;DEHV69HSPK;0;7;0;800 ms;200 ms;800 ms;100 %;40 %;6;Hp00;Hp1;Hp2;Sh1;HpKe;HpZs;;;;;;;;;;;;
SIGTYPFERT;0;SIGTYP;DEHV69VS;0;4;0;800 ms;200 ms;800 ms;100 %;40 %;3;Vr0;Vr1;Vr2;;;;;;;;;;;;;;;
SIGTYPFERT;0;SIGTYP;DEHV69VSK;0;5;0;800 ms;200 ms;800 ms;100 %;40 %;4;Vr0;Vr1;Vr2;HpKe;;;;;;;;;;;;;;
SIGTYPFERT;0;SIGTYP;DEHV69SP;0;2;0;800 ms;200 ms;800 ms;100 %;40 %;2;Sp0;Sp1;;;;;;;;;;;;;;;;
SIGTYPFERT;0;SIGTYP;DEHV69ZUS;0;1;0;800 ms;200 ms;800 ms;100 %;40 %;2;aus;ein;;;;;;;;;;;;;;;;
;;;;;;;;;;;;;;;;;;;;;;;;;;;;;;
NAME;MODULNR;OBJKL;SIGTYP;SIGBILD;SIGBILDSYNU;ANZLICHT;SIGLICHT-1;SIGLICHT-2;SIGLICHT-3;SIGLICHT-4;SIGLICHT-5;SIGLICHT-6;SIGLICHT-7;SIGLICHT-8;SIGLICHT-9;SIGLICHT-10;SIGLICHT-11;SIGLICHT-12;SIGLICHT-13;SIGLICHT-14;SIGLICHT-15;SIGLICHT-16;   Kommentar;   Korr 1;   Korr 3;;;;;
;;;;;;;rot;grün;gelb;Ersatzrot;;;;;;;;;;;;;;;;;;;;
SIGBILDFERT;0;SIGBILD;DEHV69HS;Hp0;0;4;EIN;;;;;;;;;;;;;;;;;;;;;;;
SIGBILDFERT;0;SIGBILD;DEHV69HS;Hp1;0;4;;EIN;;;;;;;;;;;;;;;;;;;;;;
SIGBILDFERT;0;SIGBILD;DEHV69HS;Hp2;0;4;;EIN;EIN;;;;;;;;;;;;;;;;;;;;;
SIGBILDFERT;0;SIGBILD;DEHV69HS;ErsR;0;4;;;;EIN;;;;;;;;;;;;;;;;;;;;
;;;;;;;rot;grün;gelb;Ersatzrot;Kennl;ZS1;;;;;;;;;;;;;;;;;;
SIGBILDFERT;0;SIGBILD;DEHV69HSK;Hp0;0;5;EIN;;;;;;;;;;;;;;;;;;;;;;;
SIGBILDFERT;0;SIGBILD;DEHV69HSK;Hp1;0;5;;EIN;;;;;;;;;;;;;;;;;;;;;;
SIGBILDFERT;0;SIGBILD;DEHV69HSK;Hp2;0;5;;EIN;EIN;;;;;;;;;;;;;;;;;;;;;
SIGBILDFERT;0;SIGBILD;DEHV69HSK;ErsR;0;5;;;;EIN;;;;;;;;;;;;;;;;;;;;
SIGBILDFERT;0;SIGBILD;DEHV69HSK;HpKe;0;5;;;;;EIN;;;;;;;;;;;;;;;;;;;
SIGBILDFERT;0;SIGBILD;DEHV69HSK;HpZs;0;5;EIN;;;;;EIN;;;;;;;;;;;;;;;;;;
;;;;;;;rot-li;rot-re;grün;gelb;weiss 2x;;;;;;;;;;;;;;;;;;;
SIGBILDFERT;0;SIGBILD;DEHV69HSP;Hp00;0;5;EIN;EIN;;;;;;;;;;;;;;;;;;;;;;
SIGBILDFERT;0;SIGBILD;DEHV69HSP;Hp1;0;5;;;EIN;;;;;;;;;;;;;;;;;;;;;
SIGBILDFERT;0;SIGBILD;DEHV69HSP;Hp2;0;5;;;EIN;EIN;;;;;;;;;;;;;;;;;;;;
SIGBILDFERT;0;SIGBILD;DEHV69HSP;Sh1;0;5;EIN;;;;EIN;;;;;;;;;;;;;   Sh1 mit rot;;;;;;
;;;;;;;rot-li;rot-re;grün;gelb;weiss 2x;Ersatzrot;;;;;;;;;;;;;;;;;;
SIGBILDFERT;0;SIGBILD;DEHV69HSPE;Hp00;0;6;EIN;EIN;;;;;;;;;;;;;;;;;   HSPE ergän;;;;;
SIGBILDFERT;0;SIGBILD;DEHV69HSPE;Hp1;0;6;;;EIN;;;;;;;;;;;;;;;;;;;;;
SIGBILDFERT;0;SIGBILD;DEHV69HSPE;Hp2;0;6;;;EIN;EIN;;;;;;;;;;;;;;;;;;;;
SIGBILDFERT;0;SIGBILD;DEHV69HSPE;Sh1;0;6;EIN;;;;EIN;;;;;;;;;;;;;   Sh1 mit rot;;;;;;
SIGBILDFERT;0;SIGBILD;DEHV69HSPE;ErsR;0;6;;;;;;EIN;;;;;;;;;;;;;;;;;;
;;;;;;;rot-li;rot-re;grün;gelb;weiss 2x;Kennl;ZS1;;;;;;;;;;;;;;;;;
SIGBILDFERT;0;SIGBILD;DEHV69HSPK;Hp00;0;7;EIN;EIN;;;;;;;;;;;;;;;;;;;;;;
SIGBILDFERT;0;SIGBILD;DEHV69HSPK;Hp1;0;7;;;EIN;;;;;;;;;;;;;;;;;;;;;
SIGBILDFERT;0;SIGBILD;DEHV69HSPK;Hp2;0;7;;;EIN;EIN;;;;;;;;;;;;;;;;;;;;
SIGBILDFERT;0;SIGBILD;DEHV69HSPK;Sh1;0;7;EIN;;;;EIN;;;;;;;;;;;;;   Sh1 mit rot;;;;;;
SIGBILDFERT;0;SIGBILD;DEHV69HSPK;HpKe;0;7;;;;;;EIN;;;;;;;;;;;;;;;;;;
SIGBILDFERT;0;SIGBILD;DEHV69HSPK;HpZs;0;7;EIN;EIN;;;;;EIN;;;;;;;;;;;;;;;;;
;;;;;;;gelb-li;gelb-re;grün-li;grün-re;;;;;;;;;;;;;;;;;;;;
SIGBILDFERT;0;SIGBILD;DEHV69VS;Vr0;0;4;EIN;EIN;;;;;;;;;;;;;;;;;;;;;;
SIGBILDFERT;0;SIGBILD;DEHV69VS;Vr1;0;4;;;EIN;EIN;;;;;;;;;;;;;;;;;;;;
SIGBILDFERT;0;SIGBILD;DEHV69VS;Vr2;0;4;EIN;;EIN;;;;;;;;;;;;;;;;;;;;;
;;;;;;;gelb-li;gelb-re;grün-li;grün-re;Kennl;;;;;;;;;;;;;;;;;;;
SIGBILDFERT;0;SIGBILD;DEHV69VSK;Vr0;0;5;EIN;EIN;;;;;;;;;;;;;;;;;;;;;;
SIGBILDFERT;0;SIGBILD;DEHV69VSK;Vr1;0;5;;;EIN;EIN;;;;;;;;;;;;;;;;;;;;
SIGBILDFERT;0;SIGBILD;DEHV69VSK;Vr2;0;5;EIN;;EIN;;;;;;;;;;;;;;;;;;;;;
SIGBILDFERT;0;SIGBILD;DEHV69VSK;HpKe;0;5;;;;;EIN;;;;;;;;;;;;;;;;;;;
;;;;;;;;;;;;;;;;;;;;;;;;;;;;;;
SIGBILDFERT;0;SIGBILD;0;Hp0;0;3;EIN;;;;;;;;;;;;;;;;;;;;;;;
SIGBILDFERT;0;SIGBILD;0;Hp1;0;3;;EIN;;;;;;;;;;;;;;;;;;;;;;
SIGBILDFERT;0;SIGBILD;0;Hp2;0;3;;EIN;EIN;;;;;;;;;;;;;;;;;;;;;
SIGBILDFERT;0;SIGBILD;0;ErsR;0;4;;;;EIN;;;;;;;;;;;;;;;;;;;;
SIGBILDFERT;0;SIGBILD;0;Vr0;0;4;EIN;EIN;;;;;;;;;;;;;;;;;;;;;;
SIGBILDFERT;0;SIGBILD;0;Vr1;0;4;;;EIN;EIN;;;;;;;;;;;;;;;;;;;;
SIGBILDFERT;0;SIGBILD;0;Vr2;0;4;EIN;;EIN;;;;;;;;;;;;;;;;;;;;;
SIGBILDFERT;0;SIGBILD;0;Sp0;0;2;EIN;;;;;;;;;;;;;;;;;;;;;;;
SIGBILDFERT;0;SIGBILD;0;Sp1;0;2;;EIN;;;;;;;;;;;;;;;;;;;;;;
SIGBILDFERT;0;SIGBILD;0;aus;0;1;;;;;;;;;;;;;;;;;;;;;;;;
SIGBILDFERT;0;SIGBILD;0;ein;0;1;EIN;;;;;;;;;;;;;;;;;;;;;;;
;;;;;;;;;;;;;;;;;;;;;;;;;;;;;;
NAME;MODULNR;OBJKL;SIGTYP;SIGSYNU;PANEL;PANSYMB;PANFELD;ANZLAMP;SIGART;AUFGLIZT;AUFGLIVERZ;ABGLIZT;SIGHELLTAG;SIGHELLNAC;APULICHT1;APUDUS1;APUDUS2;APUDUS3;   Kommentar;;;;;;;;;;;
;;;;;;;;;;;;;;;;;;;;;;;;;;;;;;
61 FERTIG DE;;SIG;DEHV69HSPE;;61 FERT-1 DE;DEHSP;1;6;"""";"""";"""";"""";"""";"""";M.1.1;;;;für ein Haupt(sperr)signal mit Vorsignal am Mast;;;;;;;;;;;
61 FERTIG DE;;SIG;DEHV69ZUS;;61 FERT-1 DE;L1;2;1;"""";"""";"""";"""";"""";"""";M.1.7;M.1.1;;;"  (Zusatzanzeiger als ""ZUS"")";;;;;;;;;;;
61 FERTIG DE;;SIG;DEHV69ZUS;;61 FERT-1 DE;L1;6;1;"""";"""";"""";"""";"""";"""";M.1.8;M.1.1;;;;  (Rest für zwei Sperrsignale);;;;;;;;;;
61 FERTIG DE;;SIG;DEHV69VS;;61 FERT-1 DE;DEVS;3;4;"""";"""";"""";"""";"""";"""";M.1.9;M.1.1;;;;;;;;;;;;;;
61 FERTIG DE;;SIG;DEHV69SP;;61 FERT-1 DE;DESP;4;2;"""";"""";"""";"""";"""";"""";M.1.13;;;;;;;;;;;;;;;
61 FERTIG DE;;SIG;DEHV69SP;;61 FERT-1 DE;DESP;5;2;"""";"""";"""";"""";"""";"""";M.1.15;;;;;;;;;;;;;;;
;;;;;;;;;;;;;;;;;;;;;;;;;;;;;;
61 FERTIG DE;;SIG;DEHV69HSPE;;61 FERT-2 DE;DEHSP;1;6;"""";"""";"""";"""";"""";"""";M.2.1;;;;für ein Haupt(sperr)signal mit Vorsignal am Mast;;;;;;;;;;;
61 FERTIG DE;;SIG;DEHV69ZUS;;61 FERT-2 DE;L1;2;1;"""";"""";"""";"""";"""";"""";M.2.7;M.2.1;;;"  (Zusatzanzeiger als ""ZUS"")";;;;;;;;;;;
61 FERTIG DE;;SIG;DEHV69ZUS;;61 FERT-2 DE;L1;6;1;"""";"""";"""";"""";"""";"""";M.2.8;M.2.1;;;;  (Rest für zwei Sperrsignale);;;;;;;;;;
61 FERTIG DE;;SIG;DEHV69VS;;61 FERT-2 DE;DEVS;3;4;"""";"""";"""";"""";"""";"""";M.2.9;M.2.1;;;;;;;;;;;;;;
61 FERTIG DE;;SIG;DEHV69SP;;61 FERT-2 DE;DESP;4;2;"""";"""";"""";"""";"""";"""";M.2.13;;;;;;;;;;;;;;;
61 FERTIG DE;;SIG;DEHV69SP;;61 FERT-2 DE;DESP;5;2;"""";"""";"""";"""";"""";"""";M.2.15;;;;;;;;;;;;;;;
;;;;;;;;;;;;;;;;;;;;;;;;;;;;;;
61 FERTIG DE;;SIG;DEHV69HSPE;;61 FERT-3 DE;DEHSP;1;6;"""";"""";"""";"""";"""";"""";M.3.1;;;;für ein Haupt(sperr)signal mit Vorsignal am Mast;;;;;;;;;;;
61 FERTIG DE;;SIG;DEHV69ZUS;;61 FERT-3 DE;L1;2;1;"""";"""";"""";"""";"""";"""";M.3.7;M.3.1;;;"  (Zusatzanzeiger als ""ZUS"")";;;;;;;;;;;
61 FERTIG DE;;SIG;DEHV69ZUS;;61 FERT-3 DE;L1;6;1;"""";"""";"""";"""";"""";"""";M.3.8;M.3.1;;;;  (Rest für zwei Blocksignale);;;;;;;;;;
61 FERTIG DE;;SIG;DEHV69VS;;61 FERT-3 DE;DEVS;3;4;"""";"""";"""";"""";"""";"""";M.3.9;M.3.1;;;;;;;;;;;;;;
61 FERTIG DE;;SIG;DEHV69BL;;61 FERT-3 DE;DEBL;4;2;"""";"""";"""";"""";"""";"""";M.3.13;;;;;;;;;;;;;;;
61 FERTIG DE;;SIG;DEHV69BL;;61 FERT-3 DE;DEBL;5;2;"""";"""";"""";"""";"""";"""";M.3.15;;;;;;;;;;;;;;;
;;;;;;;;;;;;;;;;;;;;;;;;;;;;;;
61 FERTIG DE;;SIG;DEHV69HSPE;;61 FERT-4 DE;DEHSP;1;6;"""";"""";"""";"""";"""";"""";M.4.1;;;;für ein Haupt(sperr)signal mit Vorsignal am Mast;;;;;;;;;;;
61 FERTIG DE;;SIG;DEHV69ZUS;;61 FERT-4 DE;L1;2;1;"""";"""";"""";"""";"""";"""";M.4.7;M.4.1;;;"  (Zusatzanzeiger als ""ZUS"")";;;;;;;;;;;
61 FERTIG DE;;SIG;DEHV69ZUS;;61 FERT-4 DE;L1;6;1;"""";"""";"""";"""";"""";"""";M.4.8;M.4.1;;;;  (Rest für zwei Blocksignale);;;;;;;;;;
61 FERTIG DE;;SIG;DEHV69VS;;61 FERT-4 DE;DEVS;3;4;"""";"""";"""";"""";"""";"""";M.4.9;M.4.1;;;;;;;;;;;;;;
61 FERTIG DE;;SIG;DEHV69BL;;61 FERT-4 DE;DEBL;4;2;"""";"""";"""";"""";"""";"""";M.4.13;;;;;;;;;;;;;;;
61 FERTIG DE;;SIG;DEHV69BL;;61 FERT-4 DE;DEBL;5;2;"""";"""";"""";"""";"""";"""";M.4.15;;;;;;;;;;;;;;;
;;;;;;;;;;;;;;;;;;;;;;;;;;;;;;
61 FERTIG DE;;SIG;DEHV69HSPE;;61 FERT-5 DE;DEHSP;1;6;"""";"""";"""";"""";"""";"""";M.5.1;;;;für 2 Haupt(sperr)signale ohne Vorsignale ;;;;;;;;;;;
61 FERTIG DE;;SIG;DEHV69ZUS;;61 FERT-5 DE;L1;2;1;"""";"""";"""";"""";"""";"""";M.5.7;M.5.1;;;"  (Zusatzanzeiger als ""ZUS"")";;;;;;;;;;;
61 FERTIG DE;;SIG;DEHV69ZUS;;61 FERT-5 DE;L1;5;1;"""";"""";"""";"""";"""";"""";M.5.8;M.5.1;;;;  (Rest für zwei beliebige Einzellichter);;;;;;;;;;
61 FERTIG DE;;SIG;DEHV69HSPE;;61 FERT-5 DE;DEHSP;3;6;"""";"""";"""";"""";"""";"""";M.5.9;;;;;;;;;;;;;;;
61 FERTIG DE;;SIG;DEHV69ZUS;;61 FERT-5 DE;L1;4;1;"""";"""";"""";"""";"""";"""";M.5.15;;;;;;;;;;;;;;;
61 FERTIG DE;;SIG;DEHV69ZUS;;61 FERT-5 DE;L1;6;1;"""";"""";"""";"""";"""";"""";M.5.16;;;;;;;;;;;;;;;
;;;;;;;;;;;;;;;;;;;;;;;;;;;;;;
61 FERTIG DE;;SIG;DEHV69HSPE;;61 FERT-6 DE;DEHSP;1;6;"""";"""";"""";"""";"""";"""";M.6.1;;;;für 2 Haupt(sperr)signale ohne Vorsignale ;;;;;;;;;;;
61 FERTIG DE;;SIG;DEHV69ZUS;;61 FERT-6 DE;L1;2;1;"""";"""";"""";"""";"""";"""";M.6.7;M.6.1;;;"  (Zusatzanzeiger als ""ZUS"")";;;;;;;;;;;
61 FERTIG DE;;SIG;DEHV69ZUS;;61 FERT-6 DE;L1;5;1;"""";"""";"""";"""";"""";"""";M.6.8;M.6.1;;;;  (Rest für zwei beliebige Einzellichter);;;;;;;;;;
61 FERTIG DE;;SIG;DEHV69HSPE;;61 FERT-6 DE;DEHSP;3;6;"""";"""";"""";"""";"""";"""";M.6.9;;;;;;;;;;;;;;;
61 FERTIG DE;;SIG;DEHV69ZUS;;61 FERT-6 DE;L1;4;1;"""";"""";"""";"""";"""";"""";M.6.15;;;;;;;;;;;;;;;
61 FERTIG DE;;SIG;DEHV69ZUS;;61 FERT-6 DE;L1;6;1;"""";"""";"""";"""";"""";"""";M.6.16;;;;;;;;;;;;;;;
;;;;;;;;;;;;;;;;;;;;;;;;;;;;;;
61 FERTIG DE;;SIG;DEHV69HSE;;61 FERT-7 DE;DEHS;1;4;"""";"""";"""";"""";"""";"""";M.7.1;;;;für 2 Hauptsignale mit Vorsignalen am Mast ;;;;;;;;;;;
61 FERTIG DE;;SIG;DEHV69VS;;61 FERT-7 DE;DEVS;2;4;"""";"""";"""";"""";"""";"""";M.7.5;M.7.1;;;"  (Zusatzanzeiger als ""ZUS"")";;;;;;;;;;;
61 FERTIG DE;;SIG;DEHV69HSE;;61 FERT-7 DE;DEHS;3;4;"""";"""";"""";"""";"""";"""";M.7.9;;;;;;;;;;;;;;;
61 FERTIG DE;;SIG;DEHV69VS;;61 FERT-7 DE;DEVS;4;4;"""";"""";"""";"""";"""";"""";M.7.13;M.7.9;;;;;;;;;;;;;;
;;;;;;;;;;;;;;;;;;;;;;;;;;;;;;
61 FERTIG DE;;SIG;DEHV69HSE;;61 FERT-8 DE;DEHS;1;4;"""";"""";"""";"""";"""";"""";M.8.1;;;;für 2 Hauptsignale mit Vorsignalen am Mast ;;;;;;;;;;;
61 FERTIG DE;;SIG;DEHV69VS;;61 FERT-8 DE;DEVS;2;4;"""";"""";"""";"""";"""";"""";M.8.5;M.8.1;;;"  (Zusatzanzeiger als ""ZUS"")";;;;;;;;;;;
61 FERTIG DE;;SIG;DEHV69HSE;;61 FERT-8 DE;DEHS;3;4;"""";"""";"""";"""";"""";"""";M.8.9;;;;;;;;;;;;;;;
61 FERTIG DE;;SIG;DEHV69VS;;61 FERT-8 DE;DEVS;4;4;"""";"""";"""";"""";"""";"""";M.8.13;M.8.9;;;;;;;;;;;;;;
;;;;;;;;;;;;;;;;;;;;;;;;;;;;;;
61 FERTIG DE;;SIG;DEHV69HSE;;61 FERT-9 DE;DEHS;1;4;"""";"""";"""";"""";"""";"""";M.9.1;;;;für 4 Hauptsignale ohne Vorsignale und Zusatz;;;;;;;;;;;
61 FERTIG DE;;SIG;DEHV69HSE;;61 FERT-9 DE;DEHS;2;4;"""";"""";"""";"""";"""";"""";M.9.5;;;;;;;;;;;;;;;
61 FERTIG DE;;SIG;DEHV69HSE;;61 FERT-9 DE;DEHS;3;4;"""";"""";"""";"""";"""";"""";M.9.9;;;;;;;;;;;;;;;
61 FERTIG DE;;SIG;DEHV69HSE;;61 FERT-9 DE;DEHS;4;4;"""";"""";"""";"""";"""";"""";M.9.13;;;;;;;;;;;;;;;
;;;;;;;;;;;;;;;;;;;;;;;;;;;;;;
61 FERTIG DE;;SIG;DEHV69HSE;;61 FERT-10 DE;DEHS;1;4;"""";"""";"""";"""";"""";"""";M.10.1;;;;für 4 Hauptsignale ohne Vorsignale und Zusatz;;;;;;;;;;;
61 FERTIG DE;;SIG;DEHV69HSE;;61 FERT-10 DE;DEHS;2;4;"""";"""";"""";"""";"""";"""";M.10.5;;;;;;;;;;;;;;;
61 FERTIG DE;;SIG;DEHV69HSE;;61 FERT-10 DE;DEHS;3;4;"""";"""";"""";"""";"""";"""";M.10.9;;;;;;;;;;;;;;;
61 FERTIG DE;;SIG;DEHV69HSE;;61 FERT-10 DE;DEHS;4;4;"""";"""";"""";"""";"""";"""";M.10.13;;;;;;;;;;;;;;;
;;;;;;;;;;;;;;;;;;;;;;;;;;;;;;
61 FERTIG DE;;SIG;DEHV69SP;;61 FERT-11 DE;DESP;1;2;"""";"""";"""";"""";"""";"""";M.11.1;;;;für 8 Sperrignale;;;;;;;;;;;
61 FERTIG DE;;SIG;DEHV69SP;;61 FERT-11 DE;DESP;2;2;"""";"""";"""";"""";"""";"""";M.11.3;;;;;;;;;;;;;;;
61 FERTIG DE;;SIG;DEHV69SP;;61 FERT-11 DE;DESP;3;2;"""";"""";"""";"""";"""";"""";M.11.5;;;;;;;;;;;;;;;
61 FERTIG DE;;SIG;DEHV69SP;;61 FERT-11 DE;DESP;4;2;"""";"""";"""";"""";"""";"""";M.11.7;;;;;;;;;;;;;;;
61 FERTIG DE;;SIG;DEHV69SP;;61 FERT-11 DE;DESP;5;2;"""";"""";"""";"""";"""";"""";M.11.9;;;;;;;;;;;;;;;
61 FERTIG DE;;SIG;DEHV69SP;;61 FERT-11 DE;DESP;6;2;"""";"""";"""";"""";"""";"""";M.11.11;;;;;;;;;;;;;;;
61 FERTIG DE;;SIG;DEHV69SP;;61 FERT-11 DE;DESP;7;2;"""";"""";"""";"""";"""";"""";M.11.13;;;;;;;;;;;;;;;
61 FERTIG DE;;SIG;DEHV69SP;;61 FERT-11 DE;DESP;8;2;"""";"""";"""";"""";"""";"""";M.11.15;;;;;;;;;;;;;;;
;;;;;;;;;;;;;;;;;;;;;;;;;;;;;;
61 FERTIG DE;;SIG;DEHV69BL;;61 FERT-12 DE;DEBL;1;2;"""";"""";"""";"""";"""";"""";M.12.1;;;;für 8 Blocksignale (zweibegriffige);;;;;;;;;;;
61 FERTIG DE;;SIG;DEHV69BL;;61 FERT-12 DE;DEBL;2;2;"""";"""";"""";"""";"""";"""";M.12.3;;;;;;;;;;;;;;;
61 FERTIG DE;;SIG;DEHV69BL;;61 FERT-12 DE;DEBL;3;2;"""";"""";"""";"""";"""";"""";M.12.5;;;;;;;;;;;;;;;
61 FERTIG DE;;SIG;DEHV69BL;;61 FERT-12 DE;DEBL;4;2;"""";"""";"""";"""";"""";"""";M.12.7;;;;;;;;;;;;;;;
61 FERTIG DE;;SIG;DEHV69BL;;61 FERT-12 DE;DEBL;5;2;"""";"""";"""";"""";"""";"""";M.12.9;;;;;;;;;;;;;;;
61 FERTIG DE;;SIG;DEHV69BL;;61 FERT-12 DE;DEBL;6;2;"""";"""";"""";"""";"""";"""";M.12.11;;;;;;;;;;;;;;;
61 FERTIG DE;;SIG;DEHV69BL;;61 FERT-12 DE;DEBL;7;2;"""";"""";"""";"""";"""";"""";M.12.13;;;;;;;;;;;;;;;
61 FERTIG DE;;SIG;DEHV69BL;;61 FERT-12 DE;DEBL;8;2;"""";"""";"""";"""";"""";"""";M.12.15;;;;;;;;;;;;;;;
;;;;;;;;;;;;;;;;;;;;;;;;;;;;;;
;;OBJKL;SIGTYP;SIGSYNU;PANEL;PANSYMB;PANFELD;ANZLAMP;SIGART;AUFGLIZT;AUFGLIVERZ;ABGLIZT;SIGHELLTAG;SIGHELLNAC;APULICHT1;APUDUS1;APUDUS2;APUDUS3;   Kommentar;;;;;;;;;;;
